Time,Thrust
0,0.003
100,0.005
200,0.005
300,0.004
400,0.003
500,0.003
600,0.003
700,0.003
800,0.002
900,0.002
1000,0.001
1100,0.001
1200,0.003
1300,0.004
1401,0.006
1501,0.007
1601,0.007
1701,0.006
1801,0.006
1901,0.005
2001,0.005
2101,0.004
2201,0.003
2301,0.003
2401,0.002
2501,0.003
2601,0.004
2701,0.006
2801,0.022
2901,1.140
3001,5.683
3101,8.800
3201,11.200
3301,12.076
3401,11.583
3501,7.553
3601,4.816
3701,2.697
3801,1.965
3901,1.440
4001,0.983
4101,0.628
4201,0.345
4301,0.163
4401,0.025
4501,-0.081
4601,-0.162
4701,-0.221
4801,-0.259
4901,-0.282
5001,-0.295
5101,-0.302
5201,-0.306
5301,-0.308
5401,-0.308
5501,-0.308
5601,-0.308
5701,-0.307
5801,-0.306
5901,-0.306
6001,-0.307
6101,-0.308
6201,-0.309
6301,-0.311
6401,-0.312
6501,-0.313
6601,-0.314
6701,-0.314
6801,-0.314
6901,-0.313
7001,-0.313
7101,-0.312
